Annual Distance (miles/vehicle),2020.0
LDVs,10478.114736781
HDVs,43820.559536122
aircraft,557277.839461082
rail,24241.244228495
ships,66170.433782247
motorbikes,0.0
