Annual Distance (miles/vehicle),2020.0
LDVs,11659.029854238
HDVs,12348.838511521
aircraft,702415.352565061
rail,0.0
ships,199.229436424
motorbikes,1982.024805662
