Annual Distance (miles/vehicle),2020.0
LDVs,11610.026724316
HDVs,21855.248566634
aircraft,573364.170546746
rail,0.0
ships,212.16514549
motorbikes,2288.977574792
