Annual Distance (miles/vehicle),2020.0
LDVs,10443.698373158
HDVs,44206.931875269
aircraft,1287934.791188998
rail,24455.29878863
ships,66753.660317295
motorbikes,0.0
