Annual Distance (miles/vehicle),2020.0
LDVs,10171.997772063
HDVs,45373.006905166
aircraft,548490.118586085
rail,24207.595129541
ships,61874.676861752
motorbikes,0.0
