Annual Distance (miles/vehicle),2020.0
LDVs,11572.403293964
HDVs,22047.898574906
aircraft,1325112.439455083
rail,0.0
ships,211.665294107
motorbikes,2281.027796376
