solar pv dist,Hour0,Hour1,Hour2,Hour3,Hour4,Hour5,Hour6,Hour7,Hour8,Hour9,Hour10,Hour11,Hour12,Hour13,Hour14,Hour15,Hour16,Hour17,Hour18,Hour19,Hour20,Hour21,Hour22,Hour23
Winter,0,0,0,0,0,0.0,0.0013686055244930316,0.08547108403571729,0.2512726362346659,0.31539681215054666,0.3211215889176333,0.3205207377117583,0.326412417591588,0.3862304931986981,0.43025953434031544,0.3133939747976301,0.108203287991321,0.02595343403154468,0.0,0.0,0,0,0,0
Spring,0,0,0,0,0,0.0015647166819661188,0.10923808729032793,0.3449052824835183,0.4436493365601266,0.47536092798130675,0.4790745222398401,0.47684219310690135,0.46931069014437116,0.5122465158975215,0.521509638654761,0.48333055161478755,0.3761161645664692,0.19953267128431937,0.04919469248101477,0.0,0,0,0,0
Summer,0,0,0,0,0,0.008913009905795665,0.15650715908840207,0.36938248725924955,0.42153683235157874,0.4431574999448454,0.44342224281333414,0.4404438855428331,0.43916429501180326,0.47651510137445685,0.4688154962825688,0.44161316654532623,0.3814944734926202,0.23211330994771323,0.08776226090409689,8.824762282966002e-05,0,0,0,0
Fall,0,0,0,0,0,0.0,0.05267298071174598,0.26103646833013433,0.3578553223624176,0.40178093829646644,0.4097731348919166,0.3984770774991345,0.3937887417010166,0.43755703093043,0.4524401371888864,0.39039048488090367,0.22909914728926084,0.07155218526792738,0.005569365344073504,0.0,0,0,0,0
Summer Peak,0,0,0,0,0,0.011900191938579654,0.181190019193858,0.4472168905950096,0.49635316698656434,0.49635316698656423,0.4990403071017274,0.4756238003838772,0.47293666026871406,0.5178502879078695,0.5305182341650672,0.507485604606526,0.46180422264875237,0.30019193857965454,0.12092130518234166,0.0,0,0,0,0
Winter Peak,0,0,0,0,0,0.0,0.0,0.07024952015355085,0.309021113243762,0.383109404990403,0.40268714011516316,0.37120921305182336,0.3831094049904031,0.46986564299424183,0.546641074856046,0.4249520153550863,0.1289827255278311,0.009980806142034549,0.0,0.0,0,0,0,0
