solar pv,Hour0,Hour1,Hour2,Hour3,Hour4,Hour5,Hour6,Hour7,Hour8,Hour9,Hour10,Hour11,Hour12,Hour13,Hour14,Hour15,Hour16,Hour17,Hour18,Hour19,Hour20,Hour21,Hour22,Hour23
Winter,0,0,0,0,0.0,0.0,4.3620025953915455e-05,0.05250760624202571,0.29101972715673774,0.40248197947677783,0.4135876380846445,0.4143597125440288,0.4194959706001024,0.4327630014939857,0.427199267183564,0.35452612294304336,0.13549252461805222,0.00901189736207893,0.0,0,0,0,0,0
Spring,0,0,0,0,0.0,0.020765858605685875,0.19348207762183628,0.4809053336386733,0.6670456156421412,0.7247549099791714,0.7311070762587101,0.7240379058025536,0.7239942857766001,0.7281681770100655,0.7111863556558814,0.6735122844898093,0.5698956390879052,0.3111361926260346,0.04838278753775858,0,0,0,0,0
Summer,0,0,0,0,1.153173099931098e-05,0.05560888981142737,0.34146320368784766,0.5980038573640195,0.7098818285865843,0.7538984458109544,0.756717954040286,0.7484410541155305,0.7442521528300309,0.7422802268291491,0.7186315294823118,0.6905834767592375,0.6233102410420072,0.4543473184401026,0.1528386797321179,0,0,0,0,0
Fall,0,0,0,0,0.0,4.522896133746151e-05,0.05767103742902132,0.3264420843150073,0.5170780446286497,0.5691406908518261,0.5828450661370764,0.5767144860139717,0.5750163441019376,0.5836016233085397,0.5763156488094503,0.5363866993959878,0.35627675190270014,0.08712331470722469,3.2893790063608365e-05,0,0,0,0,0
Summer Peak,0,0,0,0,0.0,0.059242538249310264,0.43350890393779784,0.7362427890644594,0.8577878103837473,0.889841986455982,0.8765989465763733,0.8579382994732883,0.8378730875344873,0.8352144469525961,0.834361675445197,0.8210684725357412,0.7536493604213694,0.581289189867068,0.22839227489340358,0,0,0,0,0
Winter Peak,0,0,0,0,0.0,0.0,0.0,0.027088036117381493,0.3631803360923,0.5901178831201404,0.5599699021820917,0.508703285678455,0.48397291196388265,0.5134687735139203,0.5526962628542764,0.4754953599197391,0.18841234010534239,0.0023576624028091298,0.0,0,0,0,0,0
