Unit: dimensionless (ratio of electricity demand in this hour to annual demand),Hour0,Hour1,Hour2,Hour3,Hour4,Hour5,Hour6,Hour7,Hour8,Hour9,Hour10,Hour11,Hour12,Hour13,Hour14,Hour15,Hour16,Hour17,Hour18,Hour19,Hour20,Hour21,Hour22,Hour23
Winter,0,0,0,0,0,0.0,0.001311580294305822,0.08483685220729366,0.2536788227767116,0.3182181701855407,0.3245201535508638,0.32263275751759435,0.3287747920665387,0.38971529110684583,0.43510876519513764,0.31804222648752406,0.10906909788867561,0.025287907869481763,0.0,0.0,0,0,0,0
Spring,0,0,0,0,0,0.0015647166819661188,0.10923808729032793,0.3449052824835183,0.4436493365601266,0.47536092798130675,0.4790745222398401,0.47684219310690135,0.46931069014437116,0.5122465158975215,0.521509638654761,0.48333055161478755,0.3761161645664692,0.19953267128431937,0.04919469248101477,0.0,0,0,0,0
Summer,0,0,0,0,0,0.009075356755403491,0.15784861887674204,0.37361261787532346,0.4256029374947845,0.44604856880580845,0.4464449636985729,0.44235583743636814,0.44099974964533106,0.47876157890344667,0.47216890595009586,0.445193190353,0.3858591337728448,0.23581323541684043,0.08956438287574063,8.345155637152632e-05,0,0,0,0
Fall,0,0,0,0,0,0.0,0.05267298071174598,0.26103646833013433,0.3578553223624176,0.40178093829646644,0.4097731348919166,0.3984770774991345,0.3937887417010166,0.43755703093043,0.4524401371888864,0.39039048488090367,0.22909914728926084,0.07155218526792738,0.005569365344073504,0.0,0,0,0,0
Summer Peak,0,0,0,0,0,0.007677543186180423,0.14779270633397312,0.4049904030710173,0.46257197696737046,0.44145873320537427,0.46257197696737046,0.38195777351247595,0.3934740882917466,0.42418426103646834,0.4817658349328215,0.45297504798464494,0.40307101727447214,0.2591170825335892,0.05950095969289827,0.0,0,0,0,0
Winter Peak,0,0,0,0,0,0.0,0.0,0.02879078694817658,0.16698656429942416,0.29558541266794625,0.3109404990403071,0.3109404990403071,0.2092130518234165,0.2149712092130518,0.16698656429942416,0.22264875239923224,0.09596928982725528,0.0,0.0,0.0,0,0,0,0
