solar pv,Hour0,Hour1,Hour2,Hour3,Hour4,Hour5,Hour6,Hour7,Hour8,Hour9,Hour10,Hour11,Hour12,Hour13,Hour14,Hour15,Hour16,Hour17,Hour18,Hour19,Hour20,Hour21,Hour22,Hour23
Winter,0,0,0,0,0.0,0.0,3.394044420478061e-05,0.04085580971150464,0.22644046160103476,0.3131684786775106,0.3218097157720476,0.3224104616344722,0.32640694893958516,0.33672993504446913,0.3324008313861495,0.2758543543187749,0.10542580778888955,0.007012095772707672,0.0,0,0,0,0,0
Spring,0,0,0,0,0.0,0.016157772719238364,0.15054708282583001,0.37418915480218035,0.5190236366127932,0.5639268442957179,0.568869421483039,0.5633689482441017,0.5633350077998972,0.5665826840547422,0.5533692448702683,0.524055307466152,0.4434319035354584,0.24209294595717437,0.03764631645639007,0,0,0,0,0
Summer,0,0,0,0,8.972761111608664e-06,0.04326889727045488,0.26569018608556627,0.46530271615496854,0.5523542012695175,0.5866032304325278,0.5887970705243162,0.5823568712364591,0.5790975157626673,0.5775631736125825,0.5591622837629509,0.5373382855492405,0.4849934404143935,0.3535245446071033,0.11892273258298333,0,0,0,0,0
Fall,0,0,0,0,0.0,3.51923458352848e-05,0.044873440244154926,0.2540023557182514,0.40233489410981005,0.44284448347038985,0.4535077642584808,0.4487376017457165,0.44741628912480963,0.45409643622518037,0.44842726924153253,0.4173588264773098,0.277216506752872,0.06779005599125904,2.559443333475258e-05,0,0,0,0,0
Summer Peak,0,0,0,0,0.0,0.0031225208668398154,0.2724399456317738,0.5316091775794785,0.6209913373927682,0.6641211568659932,0.6305540575474652,0.6006949517583094,0.5969869582289371,0.6034271575167942,0.5969869582289371,0.5743486819443484,0.5208755120997166,0.38660711482560456,0.143440802320454,0,0,0,0,0
Winter Peak,0,0,0,0,0.0,0.0,0.0,0.0009757877708874422,0.18754640956456636,0.3633833658784834,0.32161964928450093,0.2985910578915573,0.29761527012066985,0.19652365705673083,0.13543934259917698,0.13134103396144972,0.08567416628391743,0.0,0.0,0,0,0,0,0
