solar pv,Hour0,Hour1,Hour2,Hour3,Hour4,Hour5,Hour6,Hour7,Hour8,Hour9,Hour10,Hour11,Hour12,Hour13,Hour14,Hour15,Hour16,Hour17,Hour18,Hour19,Hour20,Hour21,Hour22,Hour23
Winter,0,0,0,0,0.0,0.0,4.3620025953915455e-05,0.05250760624202571,0.29101972715673774,0.40248197947677783,0.4135876380846445,0.4143597125440288,0.4194959706001024,0.4327630014939857,0.427199267183564,0.35452612294304336,0.13549252461805222,0.00901189736207893,0.0,0,0,0,0,0
Spring,0,0,0,0,0.0,0.020765858605685875,0.19348207762183628,0.4809053336386733,0.6670456156421412,0.7247549099791714,0.7311070762587101,0.7240379058025536,0.7239942857766001,0.7281681770100655,0.7111863556558814,0.6735122844898093,0.5698956390879052,0.3111361926260346,0.04838278753775858,0,0,0,0,0
Summer,0,0,0,0,1.153173099931098e-05,0.05560888981142737,0.34146320368784766,0.5980038573640195,0.7098818285865843,0.7538984458109544,0.756717954040286,0.7484410541155305,0.7442521528300309,0.7422802268291491,0.7186315294823118,0.6905834767592375,0.6233102410420072,0.4543473184401026,0.1528386797321179,0,0,0,0,0
Fall,0,0,0,0,0.0,4.522896133746151e-05,0.05767103742902132,0.3264420843150073,0.5170780446286497,0.5691406908518261,0.5828450661370764,0.5767144860139717,0.5750163441019376,0.5836016233085397,0.5763156488094503,0.5363866993959878,0.35627675190270014,0.08712331470722469,3.2893790063608365e-05,0,0,0,0,0
Summer Peak,0,0,0,0,0.0,0.004013042387760221,0.35013794833207923,0.6832204665161775,0.7980938048658139,0.853523952846752,0.8103837471783296,0.7720090293453725,0.7672435415099071,0.7755204414346627,0.7672435415099071,0.7381489841986456,0.6694256333082518,0.49686481063456234,0.18434913468773514,0,0,0,0,0
Winter Peak,0,0,0,0,0.0,0.0,0.0,0.0012540757461750691,0.24103335841484824,0.46701780787559566,0.41334336593930276,0.3837471783295711,0.382493102583396,0.2525708552796589,0.17406571356909958,0.1687985954351643,0.11010785051417106,0.0,0.0,0,0,0,0,0
