offshore wind,Hour0,Hour1,Hour2,Hour3,Hour4,Hour5,Hour6,Hour7,Hour8,Hour9,Hour10,Hour11,Hour12,Hour13,Hour14,Hour15,Hour16,Hour17,Hour18,Hour19,Hour20,Hour21,Hour22,Hour23
Winter,0.0,0.0,0.0,0.0,0.0,0.0,0.0,0.0,0.0,0.0,0.0,0.0,0.0,0.0,0.0,0.0,0.0,0.0,0.0,0.0,0.0,0.0,0.0,0.0
Spring,0.0,0.0,0.0,0.0,0.0,0.0,0.0,0.0,0.0,0.0,0.0,0.0,0.0,0.0,0.0,0.004761904761904762,0.0,0.0,0.0,0.0,0.0,0.0,0.0,0.0
Summer,0.0,0.0,0.0,0.0,0.0,0.0,0.0,0.0,0.0,0.0,0.0,0.0,0.0,0.0,0.0,0.0,0.0,0.0,0.0,0.0,0.0,0.0,0.0,0.0
Fall,0.0,0.0,0.0,0.0,0.0,0.0,0.0,0.0,0.0,0.0,0.0,0.0,0.0,0.0,0.0,0.0,0.0,0.0,0.0,0.0,0.0,0.0,0.004761904761904762,0.004761904761904762
Summer Peak,0.004761904761904762,0.009523809523809525,0.009523809523809525,0.014285714285714285,0.009523809523809525,0.01904761904761905,0.01904761904761905,0.023809523809523808,0.01904761904761905,0.023809523809523808,0.004761904761904762,0.009523809523809525,0.004761904761904762,0.0,0.0,0.0,0.0,0.004761904761904762,0.02857142857142857,0.01904761904761905,0.01904761904761905,0.02857142857142857,0.01904761904761905,0.009523809523809525
Winter Peak,0.3666666666666667,0.3857142857142857,0.34285714285714286,0.2857142857142857,0.23333333333333334,0.21904761904761902,0.21904761904761902,0.22380952380952382,0.2619047619047619,0.2619047619047619,0.2619047619047619,0.29523809523809524,0.3238095238095238,0.3142857142857143,0.3238095238095238,0.34285714285714286,0.3333333333333333,0.2523809523809524,0.16666666666666666,0.10952380952380951,0.06190476190476191,0.05238095238095238,0.1,0.19047619047619047
