solar pv,Hour0,Hour1,Hour2,Hour3,Hour4,Hour5,Hour6,Hour7,Hour8,Hour9,Hour10,Hour11,Hour12,Hour13,Hour14,Hour15,Hour16,Hour17,Hour18,Hour19,Hour20,Hour21,Hour22,Hour23
Winter,0,0,0,0,0.0,0.0,3.128550810520803e-05,0.037659930381644155,0.20872752442551643,0.28867138328675446,0.2966366736503403,0.29719042714380245,0.30087429572319074,0.3103897830133897,0.3063993164545706,0.2542760956758889,0.09717904527639722,0.006463585974535978,0.0,0,0,0,0,0
Spring,0,0,0,0,0.0,0.014893857202335598,0.13877078188916342,0.3449188161714052,0.4784238559776107,0.519814583200801,0.5243705353186218,0.5193003276613214,0.5192690421532165,0.5222626742100337,0.5100828348358246,0.48306193255420793,0.40874516339454275,0.22315561862593566,0.03470149452144542,0,0,0,0,0
Summer,0,0,0,0,8.270881453100972e-06,0.039884258087216164,0.24490700298740967,0.42890516723382055,0.5091471913714426,0.5407171458779291,0.5427393763932122,0.536802951230249,0.5337985535424101,0.5323842328139301,0.5154227226739831,0.4953058712596781,0.4470556165826504,0.32587066153181493,0.10962019505903701,0,0,0,0,0
Fall,0,0,0,0,0.0,3.2439481764826355e-05,0.04136328829395037,0.23413343415953256,0.3708629007544789,0.408203693309591,0.418032856284333,0.41363583198330084,0.41241787689522125,0.4185754803429449,0.41334977473501094,0.38471161042426294,0.2555316959491308,0.062487289010445944,2.3592350374419166e-05,0,0,0,0,0
Summer Peak,0,0,0,0,0.0,0.0028782667456791386,0.2511287735605048,0.4900249134518732,0.5724152990469387,0.6121713584716317,0.581229990955581,0.5537065652000243,0.5502886234395302,0.5562250486024934,0.5502886234395302,0.5294211895333565,0.4801308715136012,0.3563654014493983,0.1322203786296354,0,0,0,0,0
Winter Peak,0,0,0,0,0.0,0.0,0.0,0.0008994583580247307,0.17287589641235324,0.3349582925284097,0.2964614748049513,0.2752342575555676,0.27433479919754283,0.18115091330618074,0.12484482009383263,0.12106709499012876,0.07897244383457136,0.0,0.0,0,0,0,0,0
