natural gas peaker,Hour0,Hour1,Hour2,Hour3,Hour4,Hour5,Hour6,Hour7,Hour8,Hour9,Hour10,Hour11,Hour12,Hour13,Hour14,Hour15,Hour16,Hour17,Hour18,Hour19,Hour20,Hour21,Hour22,Hour23
Winter,0.0,0.0,0.0,0.0,0.0,0.0,0.0,0.0,0.0,0.0,0.0,0.0,0.0,0.0,0.0,0.0,0.0,0.001222110246298403,0.007190116886455442,0.0065780136413111315,0.0,0.0,0.0,0.0
Spring,0.012446448691932706,0.012446448691932706,0.012446448691932706,0.012446448691932706,0.012446448691932706,0.012446448691932706,0.012446448691932706,0.012446448691932706,0.012446448691932706,0.012446448691932706,0.012446448691932706,0.012446448691932706,0.012446448691932706,0.012446448691932706,0.012446448691932706,0.012446448691932706,0.015475521257800962,0.05961979938685156,0.19919296486569105,0.13812151651561197,0.024892897383865412,0.012446448691932706,0.012446448691932706,0.012446448691932706
Summer,0.08505269042733568,0.08505269042733568,0.08505269042733568,0.08505269042733568,0.08505269042733568,0.08505269042733568,0.08505269042733568,0.08505269042733568,0.08505269042733568,0.08505269042733568,0.08851908286012918,0.11515848881446715,0.19186800768693366,0.3462790266396525,0.5496157779551493,0.7360057218214333,0.95,0.95,0.95,0.95,0.44399471740101387,0.16062614143613682,0.08376976501056238,0.08120391417701577
Fall,0.021956953034611867,0.021956953034611867,0.021956953034611867,0.021956953034611867,0.021956953034611867,0.021956953034611867,0.021956953034611867,0.021956953034611867,0.021956953034611867,0.021956953034611867,0.021956953034611867,0.021956953034611867,0.021956953034611867,0.021956953034611867,0.02773863451222834,0.04581873892787796,0.15733049986697853,0.2497307012532745,0.22422886217257784,0.1576268950213335,0.03671347978609507,0.021956953034611867,0.021956953034611867,0.021956953034611867
Summer Peak,0.0,0.0,0.0,0.0,0.0,0.0,0.0,0.0,0.0,0.0,0.0,0.0,0.0,0.33484353377783094,0.33484353377783094,0.95,0.95,0.95,0.95,0.95,0.95,0.33484353377783094,0.33484353377783094,0.33484353377783094
Winter Peak,0.0,0.0,0.0,0.0,0.0,0.0,0.0,0.0,0.0,0.0,0.0,0.0,0.0,0.0,0.0,0.0,0.0,0.0,0.0,0.0,0.0,0.0,0.0,0.0
