natural gas steam turbine,Hour0,Hour1,Hour2,Hour3,Hour4,Hour5,Hour6,Hour7,Hour8,Hour9,Hour10,Hour11,Hour12,Hour13,Hour14,Hour15,Hour16,Hour17,Hour18,Hour19,Hour20,Hour21,Hour22,Hour23
Winter,0,0,0,0,0,0,0,0,0,0,0,0,0.0,0.0,0.0,0.0,0.0,0.0,0.0,0.0,0.0,0,0,0
Spring,0,0,0,0,0,0,0,0,0,0,0,0,0.0,0.0,0.0,0.0,0.0,0.0,0.16719354838709685,0.0,0.0,0,0,0
Summer,0,0,0,0,0,0,0,0,0,0,0,0,0.11146236559139792,0.14989766407119032,0.26904708935854665,0.7763930292918062,0.95,0.95,0.95,0.95,0.11146236559139792,0,0,0
Fall,0,0,0,0,0,0,0,0,0,0,0,0,0.0,0.0,0.0,0.0,0.13156213643574835,0.47691274457958777,0.47691274457958777,0.08770809095716557,0.0,0,0,0
Summer Peak,0,0,0,0,0,0,0,0,0,0,0,0,0.0,0.0,0.0,0.0,0.0,0.95,0.95,0.95,0.0,0,0,0
Winter Peak,0,0,0,0,0,0,0,0,0,0,0,0,0.0,0.0,0.0,0.0,0.0,0.0,0.0,0.0,0.0,0,0,0
