Unit: dimensionless (ratio of electricity demand in this hour to annual demand),Hour0,Hour1,Hour2,Hour3,Hour4,Hour5,Hour6,Hour7,Hour8,Hour9,Hour10,Hour11,Hour12,Hour13,Hour14,Hour15,Hour16,Hour17,Hour18,Hour19,Hour20,Hour21,Hour22,Hour23
Winter,0.0,0.0,0.0,0.0,0.0,0.0011711889860359695,0.006283840734683557,0.006283840734683557,0.002790362781481924,0.002790362781481924,0.002790362781481924,0.002790362781481924,0.002790362781481924,0.002790362781481924,0.002790362781481924,0.002790362781481924,0.002790362781481924,0.006751914548999819,0.014793543212982643,0.015378133255755311,0.006751914548999819,0.0,0.0,0.0
Spring,0.012446448691932706,0.012446448691932706,0.012446448691932706,0.012446448691932706,0.012446448691932706,0.012446448691932706,0.012446448691932706,0.012446448691932706,0.012446448691932706,0.012446448691932706,0.012446448691932706,0.012446448691932706,0.012446448691932706,0.012446448691932706,0.012446448691932706,0.012446448691932706,0.015475521257800962,0.05961979938685156,0.19919296486569105,0.13812151651561197,0.024892897383865412,0.012446448691932706,0.012446448691932706,0.012446448691932706
Summer,0.09498867611184268,0.09498867611184268,0.09498867611184268,0.09498867611184268,0.09498867611184268,0.09498867611184268,0.09498867611184268,0.09498867611184268,0.09498867611184268,0.09498867611184268,0.09967378142998493,0.13226513486793418,0.2631834329721518,0.47122516778156015,0.6882204847341967,0.899956849576368,0.95,0.95,0.95,0.95,0.5924902623108135,0.21488597143747734,0.09984148094920256,0.09498867611184268
Fall,0.021956953034611867,0.021956953034611867,0.021956953034611867,0.021956953034611867,0.021956953034611867,0.021956953034611867,0.021956953034611867,0.021956953034611867,0.021956953034611867,0.021956953034611867,0.021956953034611867,0.021956953034611867,0.021956953034611867,0.021956953034611867,0.02773863451222834,0.04581873892787796,0.15733049986697853,0.2497307012532745,0.22422886217257784,0.1576268950213335,0.03671347978609507,0.021956953034611867,0.021956953034611867,0.021956953034611867
Summer Peak,0.0,0.0,0.0,0.0,0.0,0.0,0.0,0.0,0.0,0.0,0.0,0.0,0.0,0.33484353377783094,0.33484353377783094,0.95,0.95,0.95,0.95,0.95,0.95,0.33484353377783094,0.33484353377783094,0.33484353377783094
Winter Peak,0.0,0.0,0.0,0.0,0.0,0.0,0.0,0.0,0.0,0.0,0.0,0.0,0.0,0.0,0.0,0.0,0.0,0.0,0.0,0.0,0.0,0.0,0.0,0.0
